"Path","SizeBytes","SHA256"
"experiments/YOLOv11-S/baseline_20260310_141013/run_summary.json","458","7C11E08ED55E1B0E45F33FC0BB0799E1257910F8A33EC6D8F3CD119EEEE33B73"
"experiments/YOLOv11-S/baseline_20260310_141013/results.csv","6042","F1AA20BB58B5C774ADA1711E84D6E7BBD47DEAD96AFBDDF977DD9E52FD1D3632"
"experiments/YOLOv11-S/baseline_20260310_141013/weights/best.pt","19170906","85BBC27BEABD623B3DA1A63A21CB0FEFDE0C8EF08FCDF510249C983C6897BD82"
"experiments/YOLOv11-S-MBV3/mbv3_20260310_155214/run_summary.json","340","E13C3C357AB0A09B27509B631967CC64F61A1040CF677F967C085854A6956562"
"experiments/YOLOv11-S-MBV3/mbv3_20260310_155214/results.csv","6060","97F38619B97803F131865179E7DAFBF25E147B6B088A15ABF976DFD7E2EA28DA"
"experiments/YOLOv11-S-MBV3/mbv3_20260310_155214/weights/best.pt","15320300","A4328EB3DA97D8E5D68CD84D0A3AA309CE9C6526F947F7D7F9F7B4633E643F30"
"experiments/YOLOv11-S-MBV3-ECA/mbv3_eca_20260310_175456/run_summary.json","360","3DFF29AA280EB824F617C3AB38A930B07392C9F992CD269F6F146E39E0ABE78A"
"experiments/YOLOv11-S-MBV3-ECA/mbv3_eca_20260310_175456/results.csv","6054","0B081C28DF10B7BFA1795BEDD3EE699CCE86F79A88D5CCA1CA10EA458F891FCB"
"experiments/YOLOv11-S-MBV3-ECA/mbv3_eca_20260310_175456/weights/best.pt","19043209","0A7ECE8319E638E8738BB44DC117AD7AD12E284EA0FA7BA3EEBDC7CD25FC61BA"
