epoch,train/box_loss,train/cls_loss,train/dfl_loss,val/box_loss,val/cls_loss,val/dfl_loss,metrics/precision(B),metrics/recall(B),metrics/mAP50(B),metrics/mAP50-95(B),lr/pg0,lr/pg1,lr/pg2
1,2.79182,3.79238,3.51777,1.99139,2.35765,2.80971,0.29233,0.3608,0.28081,0.11808,0.0033298,0.0033298,0.0700318
2,1.93257,2.45089,2.55833,1.74931,1.95276,2.29651,0.45517,0.48235,0.47687,0.22118,0.0065312,0.0065312,0.0398999
3,1.58628,2.06332,2.09817,1.53592,1.79191,2.00928,0.58015,0.52849,0.58946,0.31315,0.00960061,0.00960061,0.00963595
4,1.40756,1.81674,1.8981,1.10837,1.3725,1.57095,0.64821,0.63586,0.67239,0.44139,0.009406,0.009406,0.009406
5,1.27521,1.57865,1.75583,1.02467,1.0954,1.48892,0.78445,0.68389,0.77874,0.54204,0.009208,0.009208,0.009208
6,1.19944,1.44309,1.68025,0.97167,1.01867,1.41052,0.81457,0.68551,0.80782,0.5808,0.00901,0.00901,0.00901
7,1.13777,1.31393,1.6069,0.91494,0.91401,1.36714,0.82116,0.77505,0.84697,0.63009,0.008812,0.008812,0.008812
8,1.0903,1.22099,1.56606,0.8959,0.79257,1.32374,0.85037,0.80323,0.87697,0.6656,0.008614,0.008614,0.008614
9,1.07005,1.17414,1.54564,0.86028,0.78639,1.2792,0.87632,0.80622,0.8946,0.68217,0.008416,0.008416,0.008416
10,1.04695,1.12646,1.52226,0.81095,0.73082,1.24874,0.86075,0.81554,0.89424,0.69912,0.008218,0.008218,0.008218
11,1.02384,1.09225,1.49759,0.72026,0.70397,1.17828,0.8552,0.81587,0.90216,0.72967,0.00802,0.00802,0.00802
12,1.00618,1.0445,1.47666,0.76028,0.6856,1.18259,0.90892,0.79945,0.91029,0.72593,0.007822,0.007822,0.007822
13,0.98808,1.0116,1.46081,0.68124,0.6866,1.14207,0.87594,0.82181,0.90355,0.74187,0.007624,0.007624,0.007624
14,0.97503,0.99505,1.45579,0.69045,0.64178,1.15034,0.89045,0.84187,0.91733,0.75039,0.007426,0.007426,0.007426
15,0.95917,0.95045,1.43494,0.76445,0.64382,1.1809,0.90362,0.80581,0.91274,0.72931,0.007228,0.007228,0.007228
16,0.94339,0.93868,1.42366,0.78743,0.62333,1.20139,0.9149,0.85868,0.92907,0.73352,0.00703,0.00703,0.00703
17,0.93359,0.92306,1.41239,0.64095,0.5923,1.1044,0.91608,0.82849,0.92579,0.7802,0.006832,0.006832,0.006832
18,0.92376,0.90714,1.40711,0.6507,0.58287,1.11152,0.92841,0.81451,0.92031,0.77126,0.006634,0.006634,0.006634
19,0.90643,0.88026,1.39628,0.73789,0.5905,1.15305,0.88529,0.87065,0.92343,0.75343,0.006436,0.006436,0.006436
20,0.90216,0.87416,1.38525,0.68011,0.55286,1.10719,0.91595,0.86958,0.93623,0.77725,0.006238,0.006238,0.006238
21,0.88868,0.8526,1.3728,0.69055,0.56513,1.1162,0.9076,0.87174,0.93702,0.77136,0.00604,0.00604,0.00604
22,0.88465,0.83873,1.36613,0.64496,0.54024,1.08927,0.92955,0.86853,0.9415,0.79308,0.005842,0.005842,0.005842
23,0.87574,0.82682,1.35898,0.615,0.54644,1.07433,0.90018,0.86746,0.93884,0.79761,0.005644,0.005644,0.005644
24,0.85715,0.80048,1.34535,0.58157,0.53175,1.05647,0.90873,0.85682,0.94255,0.80882,0.005446,0.005446,0.005446
25,0.86068,0.79839,1.34966,0.58667,0.51709,1.05959,0.91486,0.85491,0.93628,0.80444,0.005248,0.005248,0.005248
26,0.85082,0.77745,1.33794,0.59639,0.5127,1.05473,0.91043,0.87669,0.93843,0.80258,0.00505,0.00505,0.00505
27,0.83419,0.7532,1.32558,0.56403,0.50107,1.03874,0.91537,0.87565,0.94055,0.81792,0.004852,0.004852,0.004852
28,0.83122,0.75093,1.32457,0.55202,0.49223,1.03116,0.92881,0.86974,0.94281,0.81873,0.004654,0.004654,0.004654
29,0.82143,0.74276,1.31836,0.54681,0.4943,1.03139,0.91257,0.87807,0.94488,0.8236,0.004456,0.004456,0.004456
30,0.81773,0.73406,1.31369,0.53726,0.48535,1.02519,0.91633,0.87417,0.94043,0.82204,0.004258,0.004258,0.004258
31,0.81052,0.71595,1.30557,0.53582,0.47357,1.02043,0.91568,0.87213,0.94669,0.82634,0.00406,0.00406,0.00406
32,0.80791,0.70245,1.30005,0.5364,0.46798,1.02047,0.93876,0.86383,0.9452,0.82212,0.003862,0.003862,0.003862
33,0.80225,0.70578,1.30277,0.56545,0.48171,1.03583,0.93179,0.8747,0.94331,0.81315,0.003664,0.003664,0.003664
34,0.79723,0.69135,1.29744,0.52586,0.46338,1.01565,0.9136,0.88467,0.94736,0.8342,0.003466,0.003466,0.003466
35,0.78755,0.67509,1.28658,0.55929,0.47252,1.03005,0.91192,0.87742,0.94369,0.82101,0.003268,0.003268,0.003268
36,0.78201,0.6724,1.28152,0.51725,0.46982,1.00884,0.9197,0.87449,0.94356,0.83229,0.00307,0.00307,0.00307
37,0.77672,0.66875,1.27802,0.51536,0.44337,1.00066,0.9037,0.88728,0.94763,0.83371,0.002872,0.002872,0.002872
38,0.76857,0.65176,1.27422,0.51975,0.44367,1.00939,0.93247,0.88261,0.94796,0.83575,0.002674,0.002674,0.002674
39,0.77719,0.66144,1.28173,0.52345,0.44227,1.00299,0.91701,0.89268,0.94996,0.83757,0.002476,0.002476,0.002476
40,0.78733,0.67224,1.28586,0.52797,0.44233,1.00559,0.90613,0.88834,0.94779,0.8323,0.002278,0.002278,0.002278
41,0.5469,0.40132,1.02207,0.51554,0.44675,1.00912,0.91624,0.88667,0.9428,0.83372,0.00208,0.00208,0.00208
42,0.53855,0.37678,1.01333,0.4947,0.44188,0.99818,0.93011,0.86337,0.9445,0.83592,0.001882,0.001882,0.001882
43,0.53254,0.36777,1.00749,0.48195,0.43351,0.98921,0.93326,0.86104,0.94261,0.84385,0.001684,0.001684,0.001684
44,0.52543,0.3616,1.00268,0.47937,0.42857,0.98649,0.92985,0.86665,0.94485,0.84615,0.001486,0.001486,0.001486
45,0.5239,0.35621,1.00294,0.47666,0.42536,0.98463,0.91793,0.88049,0.94519,0.84803,0.001288,0.001288,0.001288
46,0.51062,0.33799,0.98892,0.47066,0.42181,0.98626,0.92488,0.88258,0.94484,0.84685,0.00109,0.00109,0.00109
47,0.50539,0.33393,0.98558,0.46841,0.41683,0.98512,0.93048,0.87017,0.94865,0.85312,0.000892,0.000892,0.000892
48,0.5049,0.32983,0.98722,0.4667,0.41924,0.98432,0.9457,0.86541,0.94388,0.84782,0.000694,0.000694,0.000694
49,0.49597,0.3221,0.98027,0.46808,0.41673,0.98461,0.90881,0.88895,0.94449,0.84969,0.000496,0.000496,0.000496
50,0.49505,0.31567,0.98207,0.46641,0.41029,0.98451,0.93954,0.8735,0.94793,0.85418,0.000298,0.000298,0.000298
47,0.82153,0.71896,1.3067,0.55631,0.46707,1.02536,0.91939,0.87727,0.94032,0.81669,0.007723,0.007723,0.007723
48,0.82098,0.73229,1.30839,0.56366,0.46886,1.03123,0.93003,0.86352,0.94434,0.81787,0.0076735,0.0076735,0.0076735
49,0.82533,0.7409,1.30862,0.55072,0.49319,1.03181,0.92159,0.86679,0.93717,0.81583,0.007624,0.007624,0.007624
50,0.82201,0.73433,1.30734,0.54423,0.48726,1.02032,0.93001,0.86644,0.93769,0.81663,0.0075745,0.0075745,0.0075745
51,0.81432,0.7236,1.30188,0.52514,0.46443,1.01877,0.92444,0.87874,0.94742,0.83392,0.007525,0.007525,0.007525
52,0.82237,0.73341,1.30595,0.54903,0.46192,1.02265,0.93184,0.86764,0.94608,0.82674,0.0074755,0.0074755,0.0074755
53,0.81604,0.7166,1.29935,0.51508,0.46547,1.00832,0.91506,0.87235,0.93543,0.82481,0.007426,0.007426,0.007426
54,0.80646,0.70679,1.29426,0.52728,0.45827,1.01116,0.94468,0.87223,0.94928,0.83515,0.0073765,0.0073765,0.0073765
55,0.8111,0.70879,1.29618,0.53913,0.44544,1.01598,0.93861,0.8803,0.9471,0.82661,0.007327,0.007327,0.007327
56,0.80835,0.71008,1.29452,0.53072,0.44641,1.01288,0.93722,0.86991,0.94772,0.83176,0.0072775,0.0072775,0.0072775
57,0.8045,0.70366,1.29164,0.51949,0.44913,1.00404,0.92485,0.86838,0.94633,0.83328,0.007228,0.007228,0.007228
58,0.79905,0.69628,1.28473,0.50261,0.44691,0.99722,0.94764,0.8535,0.94571,0.84122,0.0071785,0.0071785,0.0071785
59,0.80633,0.69684,1.28999,0.50014,0.44925,1.00073,0.94849,0.85327,0.94691,0.83963,0.007129,0.007129,0.007129
60,0.79915,0.69963,1.29046,0.50601,0.43464,1.00382,0.94349,0.86727,0.94753,0.84292,0.0070795,0.0070795,0.0070795
61,0.80184,0.68628,1.28881,0.51157,0.43837,0.9946,0.94779,0.86724,0.94578,0.83795,0.00703,0.00703,0.00703
62,0.79534,0.6837,1.283,0.52625,0.43981,1.00778,0.93342,0.87004,0.94623,0.83089,0.0069805,0.0069805,0.0069805
63,0.79349,0.69096,1.2811,0.49963,0.43469,0.99338,0.93859,0.87708,0.94798,0.83937,0.006931,0.006931,0.006931
64,0.79525,0.68965,1.28492,0.48065,0.42709,0.9802,0.94658,0.87271,0.94911,0.84796,0.0068815,0.0068815,0.0068815
65,0.79031,0.67426,1.28125,0.48855,0.42889,0.98359,0.94239,0.86815,0.94517,0.84468,0.006832,0.006832,0.006832
66,0.78968,0.67421,1.28019,0.52034,0.42772,0.99854,0.946,0.87659,0.94761,0.83765,0.0067825,0.0067825,0.0067825
67,0.80282,0.68578,1.28796,0.51443,0.42118,0.99355,0.93741,0.89796,0.95041,0.84094,0.006733,0.006733,0.006733
68,0.79697,0.69185,1.28271,0.49495,0.41749,0.98219,0.94065,0.88458,0.94848,0.84799,0.0066835,0.0066835,0.0066835
69,0.79891,0.68366,1.28228,0.50317,0.42346,0.99308,0.93744,0.8751,0.94406,0.83474,0.006634,0.006634,0.006634
70,0.79589,0.68205,1.28406,0.49953,0.41937,0.98528,0.92767,0.89259,0.9497,0.84433,0.0065845,0.0065845,0.0065845
71,0.79781,0.68152,1.27899,0.48361,0.41016,0.98108,0.91969,0.90136,0.94958,0.84922,0.006535,0.006535,0.006535
72,0.79081,0.66743,1.27216,0.48177,0.41471,0.98689,0.92605,0.88876,0.94711,0.84634,0.0064855,0.0064855,0.0064855
73,0.7788,0.65835,1.26624,0.48123,0.4141,0.98273,0.94342,0.87811,0.94897,0.84939,0.006436,0.006436,0.006436
74,0.78726,0.66345,1.27194,0.48336,0.40427,0.98092,0.94389,0.87614,0.94893,0.85155,0.0063865,0.0063865,0.0063865
75,0.77276,0.64965,1.26117,0.46176,0.40533,0.97184,0.94069,0.88206,0.95046,0.85729,0.006337,0.006337,0.006337
76,0.77676,0.65146,1.26072,0.48745,0.41306,0.97822,0.93287,0.89943,0.95152,0.85134,0.0062875,0.0062875,0.0062875
77,0.782,0.65929,1.26595,0.48409,0.401,0.9826,0.94111,0.8874,0.95088,0.85359,0.006238,0.006238,0.006238
78,0.77469,0.65108,1.25854,0.48001,0.40467,0.9831,0.95146,0.87867,0.95,0.85183,0.0061885,0.0061885,0.0061885
79,0.77143,0.64399,1.25813,0.46836,0.39599,0.97518,0.94099,0.89741,0.95292,0.8535,0.006139,0.006139,0.006139
80,0.77515,0.65132,1.25958,0.46104,0.40275,0.97102,0.94874,0.89171,0.95266,0.85776,0.0060895,0.0060895,0.0060895
81,0.76793,0.64671,1.25801,0.46799,0.39995,0.97907,0.9349,0.89626,0.94951,0.85344,0.00604,0.00604,0.00604
82,0.773,0.64057,1.25782,0.46796,0.38792,0.97578,0.93444,0.89422,0.95393,0.85848,0.0059905,0.0059905,0.0059905
83,0.76189,0.62917,1.24832,0.46995,0.39292,0.97019,0.95343,0.88404,0.9548,0.85971,0.005941,0.005941,0.005941
84,0.76782,0.63601,1.25372,0.47103,0.39115,0.96877,0.92743,0.89324,0.95386,0.86008,0.0058915,0.0058915,0.0058915
85,0.75996,0.62658,1.24647,0.45207,0.38371,0.96006,0.94635,0.87764,0.95406,0.86281,0.005842,0.005842,0.005842
86,0.75779,0.6166,1.24575,0.4483,0.39011,0.9631,0.93783,0.88991,0.95361,0.86413,0.0057925,0.0057925,0.0057925
87,0.75742,0.62939,1.24185,0.44352,0.38064,0.95694,0.94585,0.89313,0.95359,0.86761,0.005743,0.005743,0.005743
88,0.75789,0.62084,1.2449,0.45313,0.38019,0.96074,0.93674,0.90211,0.95238,0.86326,0.0056935,0.0056935,0.0056935
89,0.75282,0.62183,1.24128,0.4403,0.37553,0.96238,0.93989,0.90283,0.95539,0.86866,0.005644,0.005644,0.005644
90,0.75282,0.61511,1.24232,0.45713,0.38328,0.96667,0.94079,0.90189,0.95574,0.86481,0.0055945,0.0055945,0.0055945
91,0.74586,0.61391,1.23627,0.45691,0.38233,0.96542,0.92961,0.89668,0.95479,0.86835,0.005545,0.005545,0.005545
92,0.74674,0.61111,1.24379,0.44113,0.37424,0.95838,0.94538,0.89571,0.95266,0.87229,0.0054955,0.0054955,0.0054955
93,0.73869,0.60045,1.23218,0.44167,0.38121,0.96427,0.92957,0.90014,0.9494,0.86618,0.005446,0.005446,0.005446
94,0.75049,0.60334,1.23901,0.44359,0.38231,0.96465,0.94798,0.89045,0.95172,0.86793,0.0053965,0.0053965,0.0053965
95,0.75109,0.61291,1.23964,0.47222,0.38745,0.97107,0.9429,0.88938,0.9528,0.85893,0.005347,0.005347,0.005347
96,0.74453,0.6003,1.23686,0.46876,0.38759,0.97379,0.94509,0.89144,0.95379,0.86227,0.0052975,0.0052975,0.0052975
97,0.73945,0.59293,1.23367,0.45506,0.37976,0.97009,0.95558,0.89143,0.95449,0.86664,0.005248,0.005248,0.005248
98,0.74406,0.59682,1.23056,0.44773,0.37443,0.96524,0.95183,0.8886,0.95401,0.86869,0.0051985,0.0051985,0.0051985
99,0.74336,0.59954,1.22753,0.43678,0.37384,0.96076,0.95289,0.89151,0.95338,0.8726,0.005149,0.005149,0.005149
100,0.73971,0.59085,1.23148,0.43171,0.37293,0.95412,0.95466,0.88838,0.95562,0.87624,0.0050995,0.0050995,0.0050995
101,0.73872,0.59069,1.22392,0.42422,0.37432,0.95137,0.95265,0.88939,0.95494,0.87642,0.00505,0.00505,0.00505
102,0.73246,0.58325,1.22326,0.4255,0.36842,0.95555,0.94332,0.89347,0.95468,0.87484,0.0050005,0.0050005,0.0050005
103,0.73168,0.58491,1.2216,0.42337,0.36519,0.95267,0.94753,0.89146,0.95345,0.87427,0.004951,0.004951,0.004951
104,0.72634,0.58053,1.21951,0.42239,0.35544,0.95397,0.95673,0.89268,0.95553,0.87825,0.0049015,0.0049015,0.0049015
105,0.72756,0.5787,1.21958,0.42384,0.35964,0.95396,0.95191,0.89716,0.95685,0.87807,0.004852,0.004852,0.004852
106,0.7256,0.57251,1.21949,0.42172,0.36044,0.9504,0.95249,0.89543,0.95845,0.88287,0.0048025,0.0048025,0.0048025
107,0.72042,0.5681,1.21477,0.42259,0.35369,0.95335,0.95347,0.89784,0.95881,0.88249,0.004753,0.004753,0.004753
108,0.72111,0.57246,1.21358,0.4145,0.3559,0.9483,0.95233,0.89373,0.95811,0.88294,0.0047035,0.0047035,0.0047035
109,0.71796,0.56768,1.21382,0.41582,0.35605,0.94964,0.95305,0.89171,0.95866,0.88317,0.004654,0.004654,0.004654
110,0.73164,0.5753,1.22208,0.41638,0.35626,0.95162,0.93274,0.91112,0.95829,0.88222,0.0046045,0.0046045,0.0046045
111,0.71439,0.56563,1.21086,0.41915,0.35403,0.95372,0.95257,0.89824,0.959,0.88377,0.004555,0.004555,0.004555
112,0.71512,0.56365,1.21292,0.41809,0.35722,0.95237,0.95274,0.90036,0.9572,0.88394,0.0045055,0.0045055,0.0045055
113,0.7074,0.55348,1.2053,0.41777,0.3584,0.95218,0.95396,0.89965,0.95764,0.88265,0.004456,0.004456,0.004456
114,0.70803,0.55684,1.20456,0.41619,0.35443,0.9507,0.96023,0.89761,0.95811,0.88252,0.0044065,0.0044065,0.0044065
115,0.70844,0.55105,1.20215,0.41404,0.35346,0.94925,0.95785,0.89225,0.95792,0.88315,0.004357,0.004357,0.004357
116,0.70343,0.55018,1.20641,0.41195,0.35253,0.94915,0.96063,0.88859,0.95746,0.88258,0.0043075,0.0043075,0.0043075
117,0.70417,0.55383,1.1982,0.4095,0.34861,0.94752,0.96257,0.89308,0.95805,0.88349,0.004258,0.004258,0.004258
118,0.69738,0.54731,1.19728,0.40697,0.35099,0.94402,0.95615,0.89445,0.95818,0.88328,0.0042085,0.0042085,0.0042085
119,0.70133,0.5502,1.19791,0.40987,0.35107,0.94766,0.9501,0.89926,0.95751,0.88243,0.004159,0.004159,0.004159
120,0.70584,0.54433,1.20236,0.41097,0.35523,0.94837,0.95898,0.8956,0.95812,0.88183,0.0041095,0.0041095,0.0041095
121,0.69449,0.54255,1.19524,0.41099,0.35598,0.94816,0.95331,0.89846,0.95774,0.88235,0.00406,0.00406,0.00406
122,0.69655,0.54524,1.19511,0.4114,0.35562,0.94926,0.95088,0.8997,0.95925,0.88253,0.0040105,0.0040105,0.0040105
123,0.69346,0.54079,1.19577,0.41075,0.3553,0.94843,0.95241,0.8974,0.9577,0.88178,0.003961,0.003961,0.003961
124,0.68938,0.53089,1.18976,0.41107,0.35724,0.9502,0.95193,0.8945,0.95727,0.88223,0.0039115,0.0039115,0.0039115
125,0.68967,0.53159,1.19267,0.41131,0.35793,0.95113,0.95157,0.89557,0.95798,0.8838,0.003862,0.003862,0.003862
126,0.69271,0.53488,1.19525,0.41045,0.35476,0.95109,0.94512,0.89632,0.95805,0.88421,0.0038125,0.0038125,0.0038125
127,0.69296,0.53158,1.19057,0.4096,0.35446,0.9486,0.93827,0.90294,0.95705,0.88309,0.003763,0.003763,0.003763
128,0.6808,0.52138,1.18283,0.40774,0.35387,0.94766,0.92914,0.91001,0.95737,0.88465,0.0037135,0.0037135,0.0037135
129,0.68622,0.53307,1.18832,0.40661,0.35363,0.94651,0.93055,0.91056,0.95757,0.88419,0.003664,0.003664,0.003664
130,0.67985,0.52199,1.18479,0.40512,0.35158,0.94536,0.94678,0.89512,0.95882,0.88608,0.0036145,0.0036145,0.0036145
131,0.67901,0.51991,1.17893,0.40611,0.35212,0.94617,0.95243,0.89499,0.95921,0.88569,0.003565,0.003565,0.003565
132,0.67952,0.52533,1.18662,0.40415,0.35031,0.94447,0.94908,0.89567,0.95857,0.88446,0.0035155,0.0035155,0.0035155
133,0.68341,0.53258,1.18574,0.40418,0.34813,0.94468,0.93655,0.91346,0.95908,0.8873,0.003466,0.003466,0.003466
134,0.6713,0.51486,1.18019,0.40342,0.348,0.9435,0.94136,0.90872,0.95867,0.887,0.0034165,0.0034165,0.0034165
135,0.67067,0.50932,1.18059,0.40186,0.34987,0.94243,0.95817,0.8895,0.95783,0.8869,0.003367,0.003367,0.003367
136,0.67025,0.51496,1.17639,0.4014,0.35224,0.9423,0.95432,0.8933,0.95726,0.88641,0.0033175,0.0033175,0.0033175
137,0.66911,0.51807,1.17714,0.40095,0.35083,0.94255,0.95318,0.89706,0.95656,0.88535,0.003268,0.003268,0.003268
138,0.66411,0.5128,1.17515,0.40163,0.35167,0.94348,0.94697,0.90126,0.95549,0.8844,0.0032185,0.0032185,0.0032185
139,0.66127,0.50335,1.1715,0.39996,0.34927,0.94209,0.94967,0.89839,0.95548,0.88553,0.003169,0.003169,0.003169
140,0.66273,0.50753,1.17399,0.39912,0.34891,0.94274,0.95675,0.89482,0.95522,0.88576,0.0031195,0.0031195,0.0031195
141,0.6606,0.50084,1.17335,0.39993,0.34913,0.94285,0.9562,0.89343,0.95649,0.88661,0.00307,0.00307,0.00307
142,0.65764,0.50012,1.17275,0.39779,0.3484,0.94091,0.95618,0.8971,0.95721,0.88693,0.0030205,0.0030205,0.0030205
143,0.65726,0.49639,1.16844,0.39731,0.34756,0.93974,0.95326,0.90154,0.95769,0.88834,0.002971,0.002971,0.002971
144,0.6506,0.49925,1.16306,0.39775,0.34711,0.94027,0.95468,0.90023,0.95794,0.88876,0.0029215,0.0029215,0.0029215
145,0.65287,0.49366,1.16611,0.39863,0.34538,0.94164,0.95029,0.90046,0.95869,0.8899,0.002872,0.002872,0.002872
146,0.65337,0.49036,1.16286,0.39897,0.3457,0.94266,0.94849,0.90307,0.9589,0.89065,0.0028225,0.0028225,0.0028225
147,0.65196,0.49774,1.16762,0.39864,0.3451,0.94304,0.94533,0.90693,0.95886,0.89133,0.002773,0.002773,0.002773
148,0.64867,0.49962,1.16475,0.39882,0.34392,0.94311,0.94344,0.90846,0.95867,0.89129,0.0027235,0.0027235,0.0027235
149,0.64002,0.48982,1.15959,0.39973,0.34374,0.9436,0.94761,0.90499,0.95832,0.89062,0.002674,0.002674,0.002674
150,0.64566,0.49096,1.16275,0.40007,0.34329,0.94394,0.9526,0.89996,0.95844,0.88959,0.0026245,0.0026245,0.0026245
151,0.64115,0.4935,1.15745,0.40024,0.34335,0.94382,0.95266,0.89986,0.95876,0.88951,0.002575,0.002575,0.002575
152,0.64056,0.48716,1.16061,0.3994,0.34375,0.94281,0.95347,0.90027,0.95827,0.88863,0.0025255,0.0025255,0.0025255
153,0.63027,0.48272,1.15708,0.39858,0.34457,0.94228,0.9494,0.9001,0.95809,0.88928,0.002476,0.002476,0.002476
154,0.63973,0.48936,1.16059,0.39832,0.34414,0.94233,0.9477,0.90141,0.95805,0.88856,0.0024265,0.0024265,0.0024265
155,0.63492,0.47864,1.15532,0.3977,0.34445,0.94215,0.94702,0.90045,0.95804,0.88889,0.002377,0.002377,0.002377
156,0.62617,0.47011,1.14467,0.3967,0.34516,0.94138,0.94494,0.90184,0.95743,0.88839,0.0023275,0.0023275,0.0023275
157,0.63493,0.48109,1.15322,0.39671,0.34604,0.94157,0.94932,0.90022,0.9571,0.88736,0.002278,0.002278,0.002278
158,0.62256,0.46855,1.14062,0.39718,0.34613,0.94253,0.9497,0.8933,0.95659,0.88734,0.0022285,0.0022285,0.0022285
159,0.6291,0.47713,1.15223,0.39682,0.3461,0.94271,0.94751,0.89482,0.95625,0.88734,0.002179,0.002179,0.002179
160,0.62574,0.47103,1.14934,0.39676,0.3469,0.94262,0.93983,0.89988,0.9562,0.88772,0.0021295,0.0021295,0.0021295
161,0.62453,0.47202,1.14567,0.39771,0.34814,0.94362,0.93828,0.90044,0.95625,0.88867,0.00208,0.00208,0.00208
162,0.62026,0.47113,1.14616,0.3976,0.34848,0.94337,0.9373,0.90517,0.95662,0.8879,0.0020305,0.0020305,0.0020305
163,0.61871,0.4616,1.13577,0.39752,0.3486,0.94345,0.93975,0.90321,0.9567,0.88773,0.001981,0.001981,0.001981
164,0.6102,0.45592,1.1334,0.39723,0.34795,0.94261,0.94974,0.89383,0.95687,0.888,0.0019315,0.0019315,0.0019315
165,0.60969,0.45183,1.13635,0.39702,0.34753,0.94194,0.95126,0.89592,0.95733,0.88813,0.001882,0.001882,0.001882
166,0.61686,0.46661,1.14065,0.39637,0.34661,0.94134,0.95278,0.89493,0.95674,0.88854,0.0018325,0.0018325,0.0018325
167,0.61234,0.46616,1.1411,0.39627,0.34581,0.94109,0.95278,0.89442,0.95688,0.88886,0.001783,0.001783,0.001783
168,0.60996,0.45305,1.13698,0.39629,0.34479,0.94122,0.95542,0.89364,0.95705,0.88979,0.0017335,0.0017335,0.0017335
169,0.60832,0.45298,1.13505,0.39643,0.34485,0.94142,0.95388,0.89389,0.95741,0.89058,0.001684,0.001684,0.001684
170,0.60824,0.45206,1.1404,0.3962,0.34418,0.94131,0.95378,0.89419,0.95734,0.88975,0.0016345,0.0016345,0.0016345
171,0.59985,0.44981,1.13347,0.39598,0.34441,0.94108,0.95309,0.89569,0.95745,0.88991,0.001585,0.001585,0.001585
172,0.6021,0.44724,1.12985,0.39581,0.34415,0.94132,0.9497,0.89812,0.95731,0.88956,0.0015355,0.0015355,0.0015355
173,0.59777,0.44425,1.1317,0.39633,0.34401,0.94153,0.95008,0.8966,0.95743,0.88929,0.001486,0.001486,0.001486
174,0.59799,0.44515,1.13021,0.39714,0.34447,0.94221,0.94968,0.89393,0.95729,0.88963,0.0014365,0.0014365,0.0014365
175,0.5881,0.44373,1.12062,0.39762,0.34417,0.94279,0.94807,0.8954,0.95748,0.89003,0.001387,0.001387,0.001387
176,0.60133,0.45016,1.13469,0.39778,0.34345,0.94269,0.94519,0.89902,0.95738,0.89055,0.0013375,0.0013375,0.0013375
177,0.5902,0.44456,1.12335,0.3978,0.34264,0.94298,0.94206,0.90371,0.95721,0.89034,0.001288,0.001288,0.001288
178,0.59396,0.44622,1.12879,0.39808,0.34238,0.94366,0.94225,0.90112,0.95702,0.89034,0.0012385,0.0012385,0.0012385
179,0.59252,0.44637,1.12767,0.3978,0.34233,0.9435,0.94424,0.89586,0.95704,0.88967,0.001189,0.001189,0.001189
180,0.59297,0.43862,1.12253,0.39784,0.34256,0.94367,0.94281,0.89687,0.95696,0.88977,0.0011395,0.0011395,0.0011395
181,0.58167,0.43392,1.11848,0.39803,0.34242,0.94397,0.94505,0.89381,0.95681,0.8903,0.00109,0.00109,0.00109
182,0.58417,0.43711,1.1191,0.39814,0.34255,0.94432,0.94473,0.89511,0.9568,0.89034,0.0010405,0.0010405,0.0010405
183,0.58401,0.43671,1.12231,0.39846,0.34273,0.9446,0.94593,0.89578,0.95667,0.89001,0.000991,0.000991,0.000991
184,0.58266,0.43502,1.11697,0.39844,0.34301,0.9447,0.94733,0.89187,0.95692,0.88977,0.0009415,0.0009415,0.0009415
185,0.58018,0.43859,1.11944,0.3983,0.34338,0.94485,0.94715,0.89195,0.95679,0.8894,0.000892,0.000892,0.000892
186,0.57601,0.42747,1.1174,0.39804,0.34396,0.94473,0.94688,0.89272,0.95686,0.8892,0.0008425,0.0008425,0.0008425
187,0.57083,0.41981,1.11262,0.39752,0.3439,0.94434,0.94693,0.89318,0.9569,0.88998,0.000793,0.000793,0.000793
188,0.57045,0.4313,1.11238,0.39731,0.34427,0.94409,0.94733,0.89312,0.95688,0.89012,0.0007435,0.0007435,0.0007435
189,0.56776,0.42961,1.11556,0.39714,0.34389,0.94379,0.94904,0.89281,0.95673,0.88962,0.000694,0.000694,0.000694
190,0.57312,0.42664,1.11536,0.39713,0.3439,0.9437,0.95001,0.8923,0.95661,0.88979,0.0006445,0.0006445,0.0006445
191,0.35146,0.20714,0.87611,0.39728,0.34422,0.94386,0.94632,0.8936,0.95671,0.89014,0.000595,0.000595,0.000595
192,0.34565,0.20272,0.8734,0.39687,0.34392,0.94386,0.94523,0.89437,0.95648,0.89026,0.0005455,0.0005455,0.0005455
193,0.33905,0.19831,0.86708,0.39766,0.34489,0.9449,0.94559,0.89393,0.95645,0.89028,0.000496,0.000496,0.000496
194,0.3402,0.19995,0.86887,0.39763,0.34534,0.94476,0.94525,0.89472,0.95679,0.89067,0.0004465,0.0004465,0.0004465
195,0.34078,0.20014,0.87285,0.39737,0.34543,0.94479,0.94577,0.89539,0.95675,0.8909,0.000397,0.000397,0.000397
196,0.33485,0.19463,0.87131,0.39741,0.34535,0.94497,0.9464,0.89522,0.95656,0.89103,0.0003475,0.0003475,0.0003475
197,0.33092,0.19417,0.86419,0.3969,0.34548,0.94447,0.9472,0.89514,0.95646,0.89093,0.000298,0.000298,0.000298
